層雲峽,阿寒湖,網走監獄博物館,千歲空港,旭川,富良野
宗谷海峽,旭川,庫頁島,鄂霍次克海
函館,金森倉庫群
函館,札幌
旭川,札幌
洞爺湖,函館山,函館,五稜郭
根室,旭川,札幌
金森倉庫群,小樽,層雲峽,函館,札幌
旭川,札幌
小樽,旭川
小樽,札幌
狸小路,小樽,根室,札幌,北海道神宮
富良野,小樽,層雲峽,旭川,札幌
富良野,旭川,札幌,石狩川
層雲峽,網走,旭川,屈斜路湖,札幌,根室
網走,阿寒湖,佐呂間湖,千歲空港,旭川,摩周湖,富良野,屈斜路湖,鄂霍次克海,能取湖,札幌,網走湖
松前城,函館
羊之丘展望台,札幌
鄂霍次克海,網走湖,網走,能取湖,網走監獄博物館
函館山,函館
層雲峽,旭川,富良野
小樽,函館,旭川
小樽,旭川,札幌
函館,旭川,札幌
旭川,札幌,網走
旭川,富良野
狸小路,小樽,函館,熊牧場
小樽,函館,千歲空港,函館山,金森倉庫群,登別地獄谷,石屋,函館空港,札幌,路經時計台,熊牧場,洞爺湖,昭和新山,舊道廳
小樽,函館,五稜郭,函館山,洞爺湖,五稜郭公園
庫頁島,旭川,富良野
小樽,函館,函館山,洞爺湖,五稜郭公園,支笏
洞爺湖,小樽,函館山,函館,五稜郭公園
小樽,函館,札幌
狸小路,小樽,旭川,札幌
札幌,函館,旭川,富良野
富良野,阿寒湖
函館,札幌
五稜郭,函館山,函館,五稜郭公園
函館,函館山,登別地獄谷,札幌,洞爺湖,昭和新山
富良野,旭川,札幌,旭山動物園
小樽,層雲峽,阿寒湖,摩周湖,富良野,屈斜路湖,鄂霍次克海,札幌,網走湖
旭川,富良野
小樽,摩周湖,阿寒湖,屈斜路湖
旭川,旭山動物園
函館山,函館
五稜郭,函館山,函館,金森倉庫群
鄂霍次克海,函館,札幌,利尻島
層雲峽,旭川,札幌,旭山動物園,舊道廳
屈斜路湖,阿寒湖,摩周湖
層雲峽,旭川,札幌,旭山動物園
洞爺湖,小樽,函館,札幌
小樽,層雲峽,札幌,旭山動物園
小樽,層雲峽,石狩川,旭川,富良野,札幌
狸小路,小樽,層雲峽,旭川,富良野,札幌,北海道神宮
札幌電視塔,札幌
小樽,網走,旭川,札幌,根室,幣舞橋
函館,札幌
富良野,層雲峽,網走,札幌,鄂霍次克海
狸小路,函館,網走,札幌
小樽,層雲峽,函館,網走,阿寒湖,旭川,富良野,然別湖,札幌,舊道廳
屈斜路湖,札幌,摩周湖
小樽,函館,支笏湖,五稜郭,函館山,旭川,金森倉庫群,富良野,札幌,旭山動物園
青函隧道,千歲空港,函館,札幌
青函隧道,函館,札幌
網走,阿寒湖
然別湖,網走,旭山動物園
網走,鄂霍次克海
札幌,旭山動物園
層雲峽,石狩川
旭川,旭山動物園
小樽,北海道神宮
層雲峽,旭川,旭山動物園
富良野,小樽,札幌
小樽,函館,網走,函館山,旭川,登別地獄谷,札幌,旭山動物園
旭川,富良野
五稜郭,小樽,函館
旭川,札幌
洞爺湖,小樽,函館,札幌
五稜郭,札幌,五稜郭公園,函館,金森倉庫群
狸小路,小樽,函館,旭川,札幌,旭山動物園
小樽,札幌,北海道神宮
層雲峽,網走,阿寒湖,函館,富良野,札幌,洞爺湖
小樽,狸小路,札幌電視塔,札幌
富良野,帶廣神社,札幌
札幌,層雲峽,旭川,富良野,支笏
洞爺湖,小樽,函館,札幌
旭川,層雲峽,網走,札幌,旭山動物園
狸小路,小樽,阿寒湖,十勝川,摩周湖,屈斜路湖,札幌
函館山,小樽,明治館,函館,札幌
札幌,富良野
網走,鄂霍次克海
札幌,千歲空港,富良野
狸小路,小樽,伊達時代村,函館,五稜郭,札幌,熊牧場,洞爺湖
伊達時代村,層雲峽,函館,五稜郭,旭川,札幌
富良野,旭川,札幌
洞爺湖,支笏湖,旭川,札幌
小樽,層雲峽,函館,阿寒湖,網走,旭川,札幌
函館,函館山,旭川,富良野,登別地獄谷,洞爺湖,旭山動物園
小樽,羊之丘展望台,札幌,北海道神宮
伊達時代村,阿寒湖,旭川,幣舞橋,五稜郭公園,旭山動物園,北海道神宮,小樽,五稜郭,摩周湖,鄂霍次克海,屈斜路湖,網走,函館空港,熊牧場,知床國立公園,函館,支笏湖,函館山,富良野,札幌,支笏
狸小路,小樽,函館,旭川,富良野,札幌,洞爺湖
洞爺湖,函館,阿寒湖
小樽,函館,五稜郭,函館山,富良野,札幌
洞爺湖,昭和新山,函館,札幌
富良野,小樽,旭川,札幌,北海道神宮
狸小路,函館,五稜郭,旭川,富良野,札幌,洞爺湖
小樽,函館,阿寒湖,函館山,富良野,金森倉庫群,摩周湖,札幌,洞爺湖,昭和新山,北海道神宮
小樽,札幌
網走,屈斜路湖
札幌,小樽,函館,富良野
小樽,狸小路,富良野,札幌,北海道神宮,舊道廳
旭川,富良野
札幌,旭川,富良野
小樽,旭川,札幌
羊之丘展望台,札幌電視塔,札幌,北海道神宮
狸小路,小樽,函館,庫頁島,利尻島,五稜郭,函館山,旭川,富良野,札幌,洞爺湖,昭和新山,五稜郭公園,北海道神宮
札幌,舊道廳
富良野,旭川,札幌,北海道神宮,旭山動物園
富良野,札幌
洞爺湖,洞爺湖展望台,昭和新山
小樽,狸小路,函館,千歲空港,札幌電視塔,札幌,洞爺湖
狸小路,小樽,函館,五稜郭,函館山,富良野,金森倉庫群,札幌,洞爺湖
洞爺湖,昭和新山
函館山,函館
函館,札幌,昆布館
洞爺湖,札幌
洞爺湖,函館,札幌
小樽,明治館,函館,五稜郭,函館山,旭川,富良野,函館空港,札幌,洞爺湖,五稜郭公園
五稜郭,函館山,函館
五稜郭,層雲峽,函館山,函館
狸小路,小樽,函館,五稜郭,札幌,北海道神宮,舊道廳
層雲峽,旭川,札幌
層雲峽,旭川,札幌
狸小路,層雲峽,札幌
小樽,北一哨子館,札幌,北海道神宮
小樽,札幌
小樽,層雲峽,札幌
小樽,狸小路,北海道神宮,函館,五稜郭,千歲空港,函館山,旭川,札幌,旭山動物園
旭川,網走,阿寒湖
網走,網走湖
摩周湖,旭川,富良野,網走
支笏湖,小樽,札幌
狸小路,函館山,函館,札幌,登別地獄谷
小樽,狸小路,網走,阿寒湖,十勝川,旭川,摩周湖,札幌,旭山動物園,幣舞橋
函館空港,函館
洞爺湖,函館山,函館,札幌
小樽,小樽水族館
小樽,札幌
小樽,函館,五稜郭,函館山,金森倉庫群,洞爺湖展望台,札幌,洞爺湖,五稜郭公園
旭川,小樽,函館,札幌,登別地獄谷
金森倉庫群,函館山,函館,札幌
小樽,札幌,旭山動物園
狸小路,小樽,函館,札幌,北海道神宮,舊道廳
小樽,北一哨子館
五稜郭,昭和新山,函館,支笏,熊牧場
函館山,函館
札幌電視塔,札幌
札幌電視塔,札幌
函館,旭川,札幌
小樽,函館,札幌,旭山動物園,網走
羊之丘展望台,函館,札幌
狸小路,函館,五稜郭,札幌電視塔,札幌,洞爺湖,北海道神宮
狸小路,層雲峽,小樽,旭川,札幌,北海道神宮
巧克力工廠,小樽,函館,富良野,札幌,洞爺湖,北海道神宮
小樽,札幌
札幌,旭川,富良野
函館山,函館
小樽,旭川,札幌,北海道神宮
小樽,函館,阿寒湖,函館山,旭川,金森倉庫群,函館空港,札幌,洞爺湖
札幌,小樽,旭川,富良野,小樽水族館
巧克力工廠,狸小路,庫頁島,札幌,北海道神宮,舊道廳
五稜郭,函館山,函館,五稜郭公園
函館山,函館,金森倉庫群
伊達時代村,熊牧場
橫丁市場,函館山,函館,五稜郭公園
小樽,函館,富良野,札幌,洞爺湖,旭山動物園
小樽,根室,旭川,札幌,旭山動物園
狸小路,根室,網走,札幌,網走監獄博物館
摩周湖,網走,阿寒湖,幣舞橋,屈斜路湖
然別湖,狸小路,小樽,函館,札幌
伊達時代村,函館,五稜郭,函館山,熊牧場,旭山動物園
旭川,富良野
札幌,小樽,函館,富良野,石屋
富良野,札幌
富良野,阿寒湖
根室,札幌
根室,禮文島,摩周湖
根室,摩周湖,阿寒湖,屈斜路湖
禮文島,摩周湖,阿寒湖,屈斜路湖
能取湖,網走湖,網走,鄂霍次克海,佐呂間湖
禮文島,網走,阿寒湖,幣舞橋,佐呂間湖
網走,鄂霍次克海,佐呂間湖
網走,庫頁島,鄂霍次克海
禮文島,利尻島
禮文島,庫頁島,利尻島
禮文島,札幌
札幌,禮文島,庫頁島,利尻島
旭川,札幌
五稜郭,洞爺湖,函館山,函館
小樽,狸小路,函館,旭川,富良野,金森倉庫群,札幌,洞爺湖,根室,旭山動物園
伊達時代村,小樽,狸小路,函館,函館山,富良野,函館空港,札幌,熊牧場,洞爺湖,北海道神宮
富良野,洞爺湖,札幌
旭川,富良野
旭川,札幌
五稜郭,小樽,函館山,函館,札幌
小樽,函館,旭川,富良野,札幌,旭山動物園
旭川,函館山,函館,五稜郭公園
洞爺湖,札幌
富良野,狸小路,小樽,札幌
函館,札幌
旭川,富良野
根室,幣舞橋
五稜郭,函館
五稜郭,函館,青函隧道
五稜郭,函館,札幌
小樽,札幌
小樽,狸小路,北海道神宮,函館,支笏湖,層雲峽,網走,函館山,旭川,札幌電視塔,富良野,青函隧道,札幌,洞爺湖,根室,旭山動物園
小樽,旭川,札幌,小樽水族館
網走,札幌,鄂霍次克海
五稜郭,小樽,函館,旭山動物園
五稜郭,函館山,函館,明治館
狸小路,小樽,富良野,札幌,北海道神宮
小樽,層雲峽,旭川,富良野,登別地獄谷,札幌,洞爺湖
小樽,層雲峽,網走,阿寒湖,旭川,然別湖,札幌,旭山動物園
小樽,網走
狸小路,伊達時代村,小樽,函館,函館山,札幌
小樽,層雲峽,函館,網走,旭川,札幌,洞爺湖,旭山動物園,網走湖
函館山,函館,札幌
小樽,札幌,旭山動物園
小樽,狸小路,北海道神宮,函館,函館山,旭川,富良野,札幌,洞爺湖,旭山動物園,舊道廳
小樽,支笏湖,札幌
小樽,函館,阿寒湖,札幌,旭山動物園,北海道神宮
富良野,旭川,札幌
狸小路,小樽,函館,阿寒湖,函館山,旭川,富良野,摩周湖,屈斜路湖,札幌,旭山動物園,根室,幣舞橋
狸小路,小樽,旭川,札幌
小樽,層雲峽,富良野,摩周湖,屈斜路湖,札幌,北海道神宮,舊道廳
小樽,旭川,札幌,旭山動物園
小樽,札幌
狸小路,札幌
小樽,函館,網走,函館山,札幌電視塔,金森倉庫群,旭川,札幌,五稜郭公園,旭山動物園,網走湖
小樽,函館,網走,函館山,旭川,金森倉庫群,五稜郭公園,旭山動物園,網走湖
小樽,函館,網走,函館山,旭川,金森倉庫群,五稜郭公園,旭山動物園,網走湖
小樽,旭川,札幌
函館,旭川,札幌
庫頁島,札幌
小樽,函館,網走,函館山,旭川,金森倉庫群,鄂霍次克海,五稜郭公園,旭山動物園,網走湖
狸小路,小樽,旭川,札幌,旭山動物園,北海道神宮
層雲峽,網走,富良野
巧克力工廠,小樽,羊之丘展望台,函館,函館山,旭川,富良野,金森倉庫群,札幌,旭山動物園,舊道廳
巧克力工廠,小樽,羊之丘展望台,函館,函館山,旭川,富良野,金森倉庫群,札幌,旭山動物園,舊道廳
札幌,千歲空港,摩周湖,阿寒湖
層雲峽,網走,阿寒湖,摩周湖,屈斜路湖,札幌,幣舞橋
旭川,富良野
小樽,函館山,函館,札幌
旭川,旭山動物園,網走
小樽,函館,函館山,旭川,金森倉庫群,五稜郭公園,旭山動物園
函館,札幌
洞爺湖,札幌,支笏湖
小樽,函館,函館山,旭川,金森倉庫群,札幌,五稜郭公園,旭山動物園
狸小路,小樽,函館,函館山,金森倉庫群,札幌,五稜郭公園
金森倉庫群,小樽,函館山,函館,五稜郭公園
狸小路,小樽,旭川,富良野,登別地獄谷,洞爺湖展望台,札幌,熊牧場,洞爺湖,北海道神宮
狸小路,小樽,旭川,富良野,登別地獄谷,洞爺湖展望台,札幌,熊牧場,洞爺湖,北海道神宮
上川神社,旭川
函館,札幌
洞爺湖,小樽,狸小路,札幌
小樽,函館,函館山,金森倉庫群,札幌,五稜郭公園
金森倉庫群,小樽,函館山,函館,五稜郭公園
金森倉庫群,小樽,函館山,函館,五稜郭公園
小樽,明治館,函館,函館山,金森倉庫群,五稜郭公園
知床國立公園,小樽,函館,札幌,阿寒湖
小樽,阿寒湖
函館,札幌
旭川,函館,旭山動物園
小樽,函館,函館山,旭川,富良野,金森倉庫群,札幌
小樽,函館,五稜郭,函館山,旭川,五稜郭公園
旭川,網走,札幌
富良野,旭川,札幌
富良野,小樽,札幌
小樽,羊之丘展望台,函館,旭川,富良野,札幌,北海道神宮
千歲空港,函館
小樽,狸小路,函館,五稜郭,函館山,札幌,五稜郭公園,北海道神宮
狸小路,函館,千歲空港,函館山,橫丁市場,札幌,熊牧場
旭川,札幌
層雲峽,阿寒湖,十勝川,富良野,摩周湖,札幌
函館,富良野
小樽,狸小路,函館,五稜郭,千歲空港,札幌,北海道神宮,舊道廳
狸小路,旭川,函館,富良野,札幌
小樽,層雲峽,網走,阿寒湖,富良野,札幌
巧克力工廠,石屋
旭川,札幌,旭山動物園
函館山,函館,札幌
層雲峽,網走,富良野
小樽,狸小路,旭川,富良野,札幌,洞爺湖
小樽,北一哨子館,阿寒湖
小樽,札幌
層雲峽,網走,富良野
狸小路,小樽,札幌
旭川,札幌,幣舞橋
小樽,函館,札幌
札幌,禮文島,旭川,富良野,網走
小樽,函館山,函館,札幌
層雲峽,函館,網走,旭川,屈斜路湖,札幌,五稜郭公園
函館,網走,鄂霍次克海
札幌電視塔,札幌
小樽,函館,網走,旭川,富良野,札幌
小樽,狸小路,北一哨子館,函館,網走,五稜郭,函館山,札幌電視塔,鄂霍次克海,札幌
旭川,網走
旭川,網走
狸小路,旭川,旭山動物園
函館,支笏湖,函館山,金森倉庫群,札幌,洞爺湖
狸小路,札幌電視塔,旭川,札幌,旭山動物園
狸小路,函館,札幌
小樽,函館山,函館,札幌
小樽,函館,札幌
小樽,札幌
旭川,支笏湖,登別地獄谷
小樽,函館,五稜郭,旭川,札幌,洞爺湖
狸小路,小樽,札幌
狸小路,千歲空港,小樽,札幌
狸小路,函館,札幌
洞爺湖,小樽,層雲峽,函館,旭川
函館山,函館
函館,函館山,旭川,層雲峽
層雲峽,阿寒湖
旭川,能取湖,網走
層雲峽,函館山,函館
層雲峽,旭川
函館山,函館
小樽,層雲峽,網走,阿寒湖,旭川,摩周湖,鄂霍次克海,屈斜路湖,富良野,札幌,幣舞橋
旭川,富良野
旭川,旭山動物園
富良野,札幌
富良野,札幌
小樽,札幌
小樽,狸小路,函館,千歲空港,函館山,札幌
函館,網走,函館山,旭川,富良野,札幌
洞爺湖,昭和新山
禮文島,旭川,札幌,利尻島
小樽,層雲峽,狸小路,羊之丘展望台,旭川,富良野,札幌,洞爺湖,旭山動物園
札幌,小樽,函館,富良野
根室,旭川,札幌
富良野,小樽,狸小路,札幌
小樽,札幌
函館山,函館,札幌
狸小路,小樽,北海道神宮,函館,札幌電視塔,旭川,富良野,札幌,旭山動物園
狸小路,小樽,函館,函館山,札幌,洞爺湖,昭和新山
小樽,函館,札幌
狸小路,小樽,旭川,富良野,札幌,根室
層雲峽,網走,阿寒湖,旭川,富良野,能取湖,摩周湖,屈斜路湖,札幌,旭山動物園
狸小路,札幌
小樽,札幌
富良野,小樽,函館山,函館,札幌
富良野,層雲峽,旭川,札幌,石狩川
狸小路,札幌
小樽,阿寒湖,旭川,摩周湖,富良野,屈斜路湖,札幌,昭和新山
狸小路,小樽,富良野,札幌,熊牧場,洞爺湖,昭和新山,北海道神宮,舊道廳
洞爺湖,小樽,札幌
洞爺湖,小樽,函館
千歲空港,札幌
網走,摩周湖,阿寒湖,屈斜路湖
狸小路,層雲峽,小樽,網走,函館,阿寒湖,五稜郭,函館山,旭川,富良野,能取湖,摩周湖,札幌,熊牧場,洞爺湖,根室,昭和新山,旭山動物園
小樽,層雲峽,狸小路,旭川,登別地獄谷,札幌,洞爺湖,北海道神宮
小樽,旭川,札幌
層雲峽,網走,札幌,阿寒湖
小樽,函館,札幌,舊道廳
狸小路,小樽,富良野,函館,札幌
狸小路,小樽,函館,千歲空港,函館山,旭川,札幌,洞爺湖,旭山動物園
富良野,小樽,十勝川,札幌
層雲峽,網走,阿寒湖
摩周湖,屈斜路湖
札幌,旭山動物園
摩周湖,阿寒湖,屈斜路湖
摩周湖,阿寒湖,屈斜路湖
羊之丘展望台,札幌
富良野,小樽,層雲峽,旭川,札幌
狸小路,小樽,札幌,阿寒湖
然別湖,小樽,函館,札幌,網走
小樽,函館,札幌
旭川,札幌
狸小路,函館,札幌
富良野,小樽,函館,札幌
屈斜路湖,阿寒湖,摩周湖
旭川,富良野
小樽,網走,十勝川,旭川,富良野,札幌
小樽,狸小路,層雲峽,函館,函館山,旭川,富良野,札幌,旭山動物園
狸小路,小樽,層雲峽,旭川,札幌
網走,阿寒湖,禮文島,旭川,富良野,札幌
小樽,層雲峽,狸小路,網走,阿寒湖,摩周湖,登別地獄谷,然別湖,札幌,洞爺湖,旭山動物園,網走湖
小樽,旭川,札幌,舊道廳
旭川,富良野
富良野,旭川,函館,札幌
札幌,旭川,富良野,旭山動物園
小樽,札幌
富良野,小樽,旭川,札幌,旭山動物園
旭川,富良野
富良野,小樽,札幌
狸小路,小樽,羊之丘展望台,函館,富良野,石屋,札幌,根室,北海道神宮,舊道廳
小樽,層雲峽,狸小路,函館,五稜郭,函館山,札幌,舊道廳
札幌,北海道神宮
小樽,旭川,富良野,札幌,旭山動物園,北海道神宮
小樽,札幌
札幌,北海道神宮
洞爺湖,摩周湖
小樽,札幌
洞爺湖,札幌
小樽,札幌
千歲空港,札幌
洞爺湖,狸小路,函館山,函館
小樽,網走,旭川,摩周湖,屈斜路湖,札幌,網走湖
狸小路,小樽,札幌
小樽,狸小路,函館,五稜郭,石屋,札幌,熊牧場,洞爺湖,昭和新山,昆布館
狸小路,小樽,伊達時代村,函館,五稜郭,函館山,然別湖,札幌,北海道神宮
函館,函館山,金森倉庫群,札幌,洞爺湖,昭和新山
洞爺湖,伊達時代村,函館,支笏湖,熊牧場
狸小路,小樽,函館,千歲空港,旭川,札幌
朝日啤酒工廠,札幌
層雲峽,旭川,札幌
小樽,層雲峽,旭川,札幌,洞爺湖,旭山動物園
旭川,札幌,旭山動物園
洞爺湖,小樽,札幌
洞爺湖,層雲峽,旭川,支笏湖
洞爺湖,小樽,函館,旭川,札幌
層雲峽,旭川,札幌
五稜郭,層雲峽,函館,札幌
函館山,函館
函館山,函館
函館山,函館
